component,avg_mape,max_mape,num_metrics
dtlb,842.6161890479249,842.6161890479249,1
itlb,459.53808730128463,459.53808730128463,1
l3_cache,229.18448864286668,359.5939282142831,2
branch_predictor,121.28923174874606,134.08274554662938,2
l1i_cache,121.1988632550428,128.0823373265209,2
l1d_cache,82.4479421886125,83.24436082526239,2
pipeline,60.93572635446071,60.93572635446071,1
