benchmark,cpi_hw,cpi_gem5_raw,cpi_after_s1,cpi_after_s1s2,ipc_hw,ipc_gem5_raw,ipc_after_s1,ipc_after_s1s2,raw_pct_err,s1_pct_err,s1s2_pct_err
bitcount,0.2567984022888413,0.4791665491560097,0.20460817782487525,0.32460857809038535,3.8941052245146817,2.086957033543705,4.887390184647962,3.080633314999938,86.59249624810884,-20.323422575372422,26.405995986405163
crc_large,0.3520720480457489,1.1741296625748936,0.5013633176454625,0.3245677982510387,2.8403277270965237,0.8516946908631682,1.9945615580658553,3.081020376601084,233.4913035817956,42.40361324575089,-7.812108330490415
fft_large,0.3371734317747583,0.7615831192032374,0.3252024469504954,0.33139727053734275,2.965832731055836,1.3130543138169772,3.075007612572568,3.017526361573691,125.872814235256,-3.55039386147716,-1.7131128057782967
gsm_large,0.34943711719606396,0.7323650865677561,0.3127260993680035,0.33259677457087283,2.8617452204967537,1.365439202852392,3.197686416390978,3.006643709309065,109.58422861439674,-10.505757980902315,-4.819277001916847
qsort_large,0.30346476483218326,0.8437785133877691,0.36030057694165785,0.3265494096708811,3.295275484628347,1.1851451348115063,2.775460446076184,3.062323710852421,178.04826496228668,18.728965829329454,7.607026420831323
rijndael_large,0.2759460041613784,0.9809441750289484,0.418871477055571,0.3245797985618768,3.6238973745573113,1.019426003493511,2.387367139508837,3.080906465623317,255.48410204746938,51.794724597862675,17.62438798427263
sha_large,0.5072592603103265,0.5014964622779559,0.2141432399925426,0.32475050524379734,1.9713785005880995,1.994032012624143,4.669771504507097,3.079286972161223,-1.1360656144246952,-57.78426206324239,-35.979383590725504
susan_large,0.2492644265068305,0.688979577663335,0.29420011933752294,0.32456671369001283,4.011803906453524,1.4514218308059097,3.399046887716397,3.081030672033362,176.40509611364664,18.02731880373675,30.209800988637596
