benchmark,num_groups,L1-dcache-load-misses,L1-dcache-loads,L1-icache-load-misses,L1-icache-loads,branch-misses:u,branches:u,cpu-cycles:u,dTLB-load-misses,dTLB-loads,iTLB-load-misses,iTLB-loads,instructions:u,l3_cache_accesses,l3_misses,l1d_miss_rate,l1i_miss_rate
basicmath_small,1,311.0,18981981.0,1148.0,8563327.0,105371.0,9576951.0,58455479.0,110.0,12917867.0,36152.0,8599418.0,56120641.0,1261.0,1261.0,1.63839590820368e-05,0.00013406004465320548
crc_small,1,429.0,12338746.0,1022.0,8222779.0,983.0,4114837.0,39856434.0,116.0,9595581.0,93.0,8222821.0,31520327.0,1250.0,1250.0,3.4768525099714344e-05,0.00012428888092456334
dijkstra_small,1,29246.0,13138034.0,1075.0,4569072.0,40456.0,10220062.0,36061520.0,13771.0,8903250.0,117.0,4569129.0,44101908.0,2147.0,2147.0,0.002226056044610632,0.00023527753556958612
fft_small,1,5207.0,12683353.0,1251.0,5176614.0,148206.0,5815124.0,30786701.0,155.0,8891466.0,102.0,5176655.0,35890384.0,2512.0,2512.0,0.00041053812820631894,0.00024166375936084862
gsm_small,1,480.0,6492547.0,5417.0,1880659.0,45338.0,1250687.0,15390808.0,137.0,5039975.0,109.0,1880704.0,20102558.0,1700.0,1700.0,7.393092418121886e-05,0.002880373315949356
qsort_small,1,267.0,3719.0,805.0,2496.0,624.0,2300.0,94895.0,121.0,2345.0,70.0,2511.0,7778.0,968.0,968.0,0.07179349287442861,0.32251602564102566
sha_small,1,6031.0,1178347.0,2137.0,1074958.0,4466.0,502324.0,6646339.0,944.0,1887645.0,423.0,1075244.0,11719506.0,4324.0,4324.0,0.005118186748046203,0.001987984646842016
susan_small,1,717.0,5294487.0,933.0,3296262.0,976.0,1776219.0,18642088.0,274.0,5130644.0,101.0,3296271.0,24335051.0,1694.0,1694.0,0.00013542388526027168,0.00028304788879039347
