benchmark,num_groups,L1-dcache-load-misses,L1-dcache-loads,L1-icache-load-misses,L1-icache-loads,branch-misses:u,branches:u,cpu-cycles:u,dTLB-load-misses,dTLB-loads,iTLB-load-misses,iTLB-loads,instructions:u,l3_cache_accesses,l3_misses,l1d_miss_rate,l1i_miss_rate
bitcount,1,18.0,2074065.0,104.0,1051153.0,228.0,5247230.0,14730912.0,8.0,1947626.0,7.0,1051157.0,28374901.0,80.0,80.0,8.678609397487542e-06,9.893897463071504e-05
dijkstra_large,1,119065.0,52884341.0,96.0,17431679.0,171164.0,44465840.0,149779679.0,67743.0,35523476.0,14.0,17431691.0,185934047.0,130.0,130.0,0.0022514225902900064,5.507214766862102e-06
fft_large,1,67914.0,109003834.0,629.0,44709610.0,979081.0,48806193.0,264141540.0,66517.0,77084874.0,68.0,44709634.0,314628987.0,8921.0,8155.0,0.0006230423050991032,1.4068563783043511e-05
patricia_large,1,158636.0,166105902.0,8308928.0,70854310.0,1912329.0,80845736.0,528306892.0,275119.0,110752222.0,120038.0,70974345.0,478704529.0,115516.0,107517.0,0.0009550292800553228,0.11726778512132854
qsort_large,1,240141.0,84584865.0,461.0,42466650.0,491422.0,58179722.0,248700427.0,5930.0,56173234.0,98.0,42466697.0,281811034.0,247304.0,36777.0,0.002839054008066337,1.0855577258860777e-05
susan_large,1,252.0,78292556.0,194.0,48889347.0,894.0,26277789.0,274733605.0,119.0,76029252.0,29.0,48889348.0,360821834.0,341.0,341.0,3.2186968068841693e-06,3.968144634862888e-06
