benchmark,num_groups,L1-dcache-load-misses,L1-dcache-loads,L1-icache-load-misses,L1-icache-loads,branch-misses:u,branches:u,cpu-cycles:u,dTLB-load-misses,dTLB-loads,iTLB-load-misses,iTLB-loads,instructions:u,l3_cache_accesses,l3_misses,l1d_miss_rate,l1i_miss_rate
bitcount,1,360.0,2647405.0,1109.0,1603414.0,10876.0,7001448.0,20134721.0,142.0,2342999.0,104.0,1603463.0,38374901.0,1253.0,1253.0,0.00013598221654790256,0.0006916491935332983
crc_large,1,429.0,239778559.0,1022.0,159793870.0,4065.0,79931195.0,772540481.0,117.0,186479873.0,93.0,159793912.0,612559302.0,1250.0,1250.0,1.7891507972570642e-06,6.395739711416965e-06
fft_large,1,71407.0,114109462.0,1289.0,47221406.0,1410615.0,50759343.0,278510666.0,66649.0,80297100.0,130.0,47221452.0,324628987.0,10465.0,9746.0,0.0006257763269447367,2.7296942407856303e-05
gsm_large,1,466.0,351885936.0,133635.0,100659579.0,2078695.0,65696316.0,816401819.0,384.0,273377518.0,109.0,100659624.0,1088685249.0,1759.0,1759.0,1.3242927674154047e-06,0.0013275934722516572
qsort_large,1,239284.0,87519211.0,1122.0,44237706.0,706618.0,60823408.0,259313026.0,6067.0,57914286.0,129.0,44237734.0,291811034.0,249420.0,38950.0,0.002734074008048359,2.536297881268979e-05
sha_large,1,6031.0,11670952.0,2137.0,10859098.0,4813.0,4735320.0,64484340.0,943.0,19157372.0,423.0,10859384.0,120330837.0,4324.0,4324.0,0.0005167530463667403,0.0001967935090004713
susan_large,1,3247.0,80499114.0,969.0,50239884.0,1877.0,27009207.0,282472189.0,1803.0,78145335.0,106.0,50239893.0,370821835.0,5078.0,5078.0,4.033584767156568e-05,1.9287464915325042e-05
