benchmark,num_groups,L1-dcache-load-misses,L1-dcache-loads,L1-icache-load-misses,L1-icache-loads,branch-misses:u,branches:u,cpu-cycles:u,dTLB-load-misses,dTLB-loads,iTLB-load-misses,iTLB-loads,instructions:u,l3_cache_accesses,l3_misses,l1d_miss_rate,l1i_miss_rate
crc_large,1,429.0,239778559.0,1022.0,159793870.0,4065.0,79931195.0,772540481.0,88.0,186479873.0,0.0,0.0,612559302.0,1250.0,1250.0,1.7891507972570642e-06,6.395739711416965e-06
crc_small,1,429.0,12338746.0,1022.0,8222779.0,983.0,4114837.0,39856434.0,87.0,9595581.0,0.0,0.0,31520327.0,1250.0,1250.0,3.4768525099714344e-05,0.00012428888092456334
fft_large,1,71407.0,114109462.0,1289.0,47221406.0,1410615.0,50759343.0,278510666.0,1230.0,80297100.0,0.0,0.0,324628987.0,10465.0,9746.0,0.0006257763269447367,2.7296942407856303e-05
fft_small,1,5207.0,12683353.0,1251.0,5176614.0,148206.0,5815124.0,30786701.0,85.0,8891466.0,0.0,0.0,35890384.0,2512.0,2512.0,0.00041053812820631894,0.00024166375936084862
