benchmark,num_groups,L1-dcache-load-misses,L1-dcache-loads,L1-icache-load-misses,L1-icache-loads,branch-misses:u,branches:u,cpu-cycles:u,dTLB-load-misses,dTLB-loads,iTLB-load-hits,iTLB-load-misses,instructions:u,l3_cache_accesses,l3_misses,l1d_miss_rate,l1i_miss_rate
crc_large,3,34618,186435154,500,130466,7909,133430923,215616542,306,798,163267837,674,611955673,1212064,154860,0.00018568386517920328,0.003832416108411387
crc_small,3,3357,9597466,156,11984,1482,7225233,11590127,103,360,8597963,753,30513304,117301,6140,0.00034977982730024777,0.0130173564753004
fft_large,3,178239,102196227,15510,7328096,881805,63405016,107452354,412,59862,102593949,215,321933363,2893063,973248,0.0017440859142480868,0.0021165115740841823
fft_small,3,10062,11698122,1831,992586,81591,7400943,11678918,96,485,11312977,221,34074066,538269,125856,0.0008601380631865525,0.0018446764310598779
