benchmark,num_groups,L1-dcache-load-misses,L1-dcache-loads,L1-icache-load-misses,L1-icache-loads,branch-misses:u,branches:u,cpu-cycles:u,dTLB-load-misses,dTLB-loads,iTLB-load-hits,iTLB-load-misses,instructions:u,l3_cache_accesses,l3_misses,l1d_miss_rate,l1i_miss_rate
bitcount,3,1484,2418354,191,7526,17558,8654746,9124321,235,3057353,6799124,232,39584207,65451,7766,0.0006136405174759362,0.025378687217645496
crc_large,3,32712,186369322,1108,136283,7967,133572316,213707243,1374,274213227,163278150,712,613824786,1378418,310614,0.00017552244998777212,0.00813014095668572
fft_large,3,178449,102270831,16603,7393711,921957,64218956,107789718,56300,175331718,99933795,221,322654143,2978665,1148792,0.001744867018827685,0.0022455570687033885
gsm_large,3,23608,321296956,28891,15919157,2063643,58255045,381443522,1306,377071021,147131506,609,1087902029,712301,175442,7.347719783563713e-05,0.0018148574073363307
qsort_large,3,639967,80846763,39950,8223845,601636,71407024,91056418,6516,187637472,118862011,522,292297187,5200720,3054216,0.007915802392731543,0.004857825019805213
sha_large,3,15672,11047254,1125,88943,10824,5189268,61189770,393,17406054,12782734,560,119769951,305733,25538,0.0014186330829362662,0.012648550195068753
susan_large,3,20897,78988580,297,224125,111822,27520142,92876394,495,82721804,54185474,708,369309731,277450,17350,0.00026455723093135743,0.0013251533742331288
