benchmark,num_groups,L1-dcache-load-misses,L1-dcache-loads,L1-icache-load-misses,L1-icache-loads,branch-misses:u,branches:u,cpu-cycles:u,dTLB-load-misses,dTLB-loads,iTLB-load-hits,iTLB-load-misses,instructions:u,l3_cache_accesses,l3_misses,l1d_miss_rate,l1i_miss_rate
bitcount,3,1770,2415315,236,9107,17463,8340750,9377163,65,1346368,6854640,359,41245743,73235,7950,0.0007328236689624335,0.0259141319863841
dijkstra_large,3,827961,57834968,2229,138564,248769,44188410,76460559,1451,64583981,36430590,587,196184617,186623,42746,0.014315923888814117,0.016086429375595394
fft_large,3,183948,101609217,9844,7353305,885495,65078377,107780756,55366,172532753,97291313,256,324118564,1860540,1108011,0.0018103475789996491,0.001338717760245223
patricia_large,3,603787,142943447,1946913,61505408,389394,102609271,185530797,384952,299476823,177803072,5095,489645892,9514143,5640712,0.004223957184969801,0.03165433842825659
qsort_large,3,905545,80711609,91437,8073180,560794,69741702,89956074,5350,188878644,120024785,633,289254735,6331069,3482726,0.011219513663765519,0.011326020229946564
susan_large,3,19659,78961846,265,271634,111838,27558828,92885214,719,82725143,54176588,740,369338357,180260,19672,0.0002489683435212495,0.0009755774313966588
