metric,component,n_benchmarks,mape_pct,mpe_pct,std_pct,min_pct_err,max_pct_err
ipc,pipeline,8,53.16374697280958,-52.87646687883871,23.506298366853617,-71.86934677977624,1.149120375883444
branch_mpki,branch_predictor,8,57.10610732675322,-57.10610732675322,43.69496810360832,-98.94825833298214,-3.021741867598463
l1d_mpki,l1d_cache,8,74.36424684971229,-57.80864746052839,59.450344041400605,-99.81674213877518,66.22239755673559
l1i_mpki,l1i_cache,8,99.05681825317083,0.605448355514568,159.8331948824445,-99.62881038919373,383.27515519541004
l3_mpki,l3_cache,8,98.93511499328096,-98.93511499328096,1.1270138469698243,-99.90135494797867,-96.94524738941604
dtlb_mpki,dtlb,8,87.02096605470894,-84.9959738911698,37.75051415590134,-100.0,8.099968654156594
itlb_mpki,itlb,8,93.4568323002944,-93.4568323002944,5.016344673499419,-99.18315750792053,-85.7586515092991
