component,avg_mape,max_mape,num_metrics
dtlb,732.359163313083,732.359163313083,1
l3_cache,593.1352709699187,1105.6825841970917,2
l1i_cache,140.74957837299723,200.304970457453,2
l1d_cache,69.62131397293223,69.80866731330899,2
itlb,65.47136295292911,65.47136295292911,1
pipeline,48.55445007565221,48.55445007565221,1
branch_predictor,37.99169407825565,40.009037255748105,2
