component,avg_mape,max_mape,num_metrics
l3_cache,421.7803666672569,749.41130176337,2
l1i_cache,143.72213715004068,191.32227354318908,2
itlb,100.0,100.0,1
l1d_cache,75.37724944447655,76.37177603799874,2
dtlb,75.37664134171496,75.37664134171496,1
pipeline,65.79045919483954,65.79045919483954,1
branch_predictor,59.651047700446206,65.41797181841166,2
