component,avg_mape,max_mape,num_metrics
l3_cache,345.5414416200311,600.5357430955713,2
l1i_cache,142.24865663792073,196.02651697966664,2
dtlb,89.3915631934079,89.3915631934079,1
l1d_cache,78.11645151780422,78.99178318917166,2
itlb,64.2102627530396,64.2102627530396,1
pipeline,54.19444934789179,54.19444934789179,1
branch_predictor,45.66324234232046,47.12371646282458,2
